{"cameraMode":{"drawMode":0,"name":"Shaded","section":"Shading Mode"},"sceneLighting":false,"audioPlay":false,"sceneViewState":{"m_AlwaysRefresh":false,"showFog":true,"showSkybox":false,"showFlares":true,"showImageEffects":true,"showParticleSystems":true,"showVisualEffectGraphs":true,"m_FxEnabled":true},"in2DMode":false,"pivot":{"x":-24.422012329101564,"y":-4.977243423461914,"z":37.70265579223633},"rotation":{"x":0.42719438672065737,"y":-0.042017947882413867,"z":0.019879188388586046,"w":0.9029654860496521},"size":13.444992065429688,"orthographic":false}