{"cameraMode":{"drawMode":0,"name":"Shaded","section":"Shading Mode"},"sceneLighting":false,"audioPlay":false,"sceneViewState":{"m_AlwaysRefresh":false,"showFog":true,"showSkybox":false,"showFlares":true,"showImageEffects":true,"showParticleSystems":true,"showVisualEffectGraphs":true,"m_FxEnabled":true},"in2DMode":false,"pivot":{"x":0.802391529083252,"y":4.540614604949951,"z":19.90386199951172},"rotation":{"x":0.31905579566955569,"y":-0.0298477616161108,"z":0.010056066326797009,"w":0.9472183585166931},"size":11.383874893188477,"orthographic":true}