{"cameraMode":{"drawMode":0,"name":"Shaded","section":"Shading Mode"},"sceneLighting":false,"audioPlay":false,"sceneViewState":{"m_AlwaysRefresh":false,"showFog":true,"showSkybox":false,"showFlares":true,"showImageEffects":true,"showParticleSystems":true,"showVisualEffectGraphs":true,"m_FxEnabled":true},"in2DMode":false,"pivot":{"x":3.31836199760437,"y":0.31745198369026186,"z":-0.000015124678611755371},"rotation":{"x":0.23532088100910188,"y":0.08588282763957977,"z":-0.020880460739135743,"w":0.9678909778594971},"size":0.42293521761894228,"orthographic":false}