{"cameraMode":{"drawMode":0,"name":"Shaded","section":"Shading Mode"},"sceneLighting":false,"audioPlay":false,"sceneViewState":{"m_AlwaysRefresh":false,"showFog":true,"showSkybox":false,"showFlares":true,"showImageEffects":true,"showParticleSystems":true,"showVisualEffectGraphs":true,"m_FxEnabled":true},"in2DMode":false,"pivot":{"x":41.47223663330078,"y":24.96885871887207,"z":46.17568588256836},"rotation":{"x":0.31905579566955569,"y":-0.0298477616161108,"z":0.010056066326797009,"w":0.9472183585166931},"size":0.6418259739875794,"orthographic":true}